{
  "name": "intl-tel-input",
  "version": "11.1.4",
  "description": "A jQuery plugin for entering international telephone numbers",
  "keywords": [
    "international",
    "i18n",
    "country",
    "dial",
    "code",
    "telephone",
    "tel",
    "number",
    "mobile",
    "input",
    "flag"
  ],
  "licenses": [{
    "type": "MIT",
    "url": "https://raw.github.com/jackocnr/intl-tel-input/master/LICENSE"
  }],
  "author": {
    "name": "Jack O'Connor",
    "url": "http://jackocnr.com"
  },
  "dependencies": {
    "jquery": ">=1.7"
  },
  "demo": "http://jackocnr.com/intl-tel-input.html",
  "title": "International Telephone Input"
}
